{
  "city": [
    { "p_code": 710000, "p_name": "台湾省", "code": 710100, "name": "台北市" },
    { "p_code": 710000, "p_name": "台湾省", "code": 710200, "name": "新北市" },
    { "p_code": 710000, "p_name": "台湾省", "code": 710300, "name": "桃园市" },
    { "p_code": 710000, "p_name": "台湾省", "code": 710400, "name": "台中市" },
    { "p_code": 710000, "p_name": "台湾省", "code": 710500, "name": "台南市" },
    { "p_code": 710000, "p_name": "台湾省", "code": 710600, "name": "高雄市" },
    { "p_code": 710000, "p_name": "台湾省", "code": 710700, "name": "基隆市" },
    { "p_code": 710000, "p_name": "台湾省", "code": 710800, "name": "新竹市" },
    { "p_code": 710000, "p_name": "台湾省", "code": 710900, "name": "嘉义市" },
    { "p_code": 710000, "p_name": "台湾省", "code": 711000, "name": "新竹县" },
    { "p_code": 710000, "p_name": "台湾省", "code": 711100, "name": "苗栗县" },
    { "p_code": 710000, "p_name": "台湾省", "code": 711200, "name": "彰化县" },
    { "p_code": 710000, "p_name": "台湾省", "code": 711300, "name": "南投县" },
    { "p_code": 710000, "p_name": "台湾省", "code": 711400, "name": "云林县" },
    { "p_code": 710000, "p_name": "台湾省", "code": 711500, "name": "嘉义县" },
    { "p_code": 710000, "p_name": "台湾省", "code": 711600, "name": "屏东县" },
    { "p_code": 710000, "p_name": "台湾省", "code": 711700, "name": "台东县" },
    { "p_code": 710000, "p_name": "台湾省", "code": 711800, "name": "花莲县" },
    { "p_code": 710000, "p_name": "台湾省", "code": 711900, "name": "宜兰县" },
    { "p_code": 710000, "p_name": "台湾省", "code": 712000, "name": "澎湖县" },
    { "p_code": 710000, "p_name": "台湾省", "code": 712100, "name": "金门县" },
    { "p_code": 710000, "p_name": "台湾省", "code": 712200, "name": "连江县" }
  ],
  "county": [
    {
      "p_code": 710000,
      "p_name": "台湾省",
      "c_code": 710100,
      "c_name": "台北市",
      "code": 710101,
      "name": "松山区"
    },
    {
      "p_code": 710000,
      "p_name": "台湾省",
      "c_code": 710100,
      "c_name": "台北市",
      "code": 710102,
      "name": "信义区"
    },
    {
      "p_code": 710000,
      "p_name": "台湾省",
      "c_code": 710100,
      "c_name": "台北市",
      "code": 710103,
      "name": "大安区"
    },
    {
      "p_code": 710000,
      "p_name": "台湾省",
      "c_code": 710100,
      "c_name": "台北市",
      "code": 710104,
      "name": "中山区"
    },
    {
      "p_code": 710000,
      "p_name": "台湾省",
      "c_code": 710100,
      "c_name": "台北市",
      "code": 710105,
      "name": "中正区"
    },
    {
      "p_code": 710000,
      "p_name": "台湾省",
      "c_code": 710100,
      "c_name": "台北市",
      "code": 710106,
      "name": "大同区"
    },
    {
      "p_code": 710000,
      "p_name": "台湾省",
      "c_code": 710100,
      "c_name": "台北市",
      "code": 710107,
      "name": "万华区"
    },
    {
      "p_code": 710000,
      "p_name": "台湾省",
      "c_code": 710100,
      "c_name": "台北市",
      "code": 710108,
      "name": "文山区"
    },
    {
      "p_code": 710000,
      "p_name": "台湾省",
      "c_code": 710100,
      "c_name": "台北市",
      "code": 710109,
      "name": "南港区"
    },
    {
      "p_code": 710000,
      "p_name": "台湾省",
      "c_code": 710100,
      "c_name": "台北市",
      "code": 710110,
      "name": "内湖区"
    },
    {
      "p_code": 710000,
      "p_name": "台湾省",
      "c_code": 710100,
      "c_name": "台北市",
      "code": 710111,
      "name": "士林区"
    },
    {
      "p_code": 710000,
      "p_name": "台湾省",
      "c_code": 710100,
      "c_name": "台北市",
      "code": 710112,
      "name": "北投区"
    },
    {
      "p_code": 710000,
      "p_name": "台湾省",
      "c_code": 710200,
      "c_name": "高雄市",
      "code": 710201,
      "name": "盐埕区"
    },
    {
      "p_code": 710000,
      "p_name": "台湾省",
      "c_code": 710200,
      "c_name": "高雄市",
      "code": 710202,
      "name": "鼓山区"
    },
    {
      "p_code": 710000,
      "p_name": "台湾省",
      "c_code": 710200,
      "c_name": "高雄市",
      "code": 710203,
      "name": "左营区"
    },
    {
      "p_code": 710000,
      "p_name": "台湾省",
      "c_code": 710200,
      "c_name": "高雄市",
      "code": 710204,
      "name": "楠梓区"
    },
    {
      "p_code": 710000,
      "p_name": "台湾省",
      "c_code": 710200,
      "c_name": "高雄市",
      "code": 710205,
      "name": "三民区"
    },
    {
      "p_code": 710000,
      "p_name": "台湾省",
      "c_code": 710200,
      "c_name": "高雄市",
      "code": 710206,
      "name": "新兴区"
    },
    {
      "p_code": 710000,
      "p_name": "台湾省",
      "c_code": 710200,
      "c_name": "高雄市",
      "code": 710207,
      "name": "前金区"
    },
    {
      "p_code": 710000,
      "p_name": "台湾省",
      "c_code": 710200,
      "c_name": "高雄市",
      "code": 710208,
      "name": "苓雅区"
    },
    {
      "p_code": 710000,
      "p_name": "台湾省",
      "c_code": 710200,
      "c_name": "高雄市",
      "code": 710209,
      "name": "前镇区"
    },
    {
      "p_code": 710000,
      "p_name": "台湾省",
      "c_code": 710200,
      "c_name": "高雄市",
      "code": 710210,
      "name": "旗津区"
    },
    {
      "p_code": 710000,
      "p_name": "台湾省",
      "c_code": 710200,
      "c_name": "高雄市",
      "code": 710211,
      "name": "小港区"
    },
    {
      "p_code": 710000,
      "p_name": "台湾省",
      "c_code": 710200,
      "c_name": "高雄市",
      "code": 710212,
      "name": "凤山区"
    },
    {
      "p_code": 710000,
      "p_name": "台湾省",
      "c_code": 710200,
      "c_name": "高雄市",
      "code": 710213,
      "name": "林园区"
    },
    {
      "p_code": 710000,
      "p_name": "台湾省",
      "c_code": 710200,
      "c_name": "高雄市",
      "code": 710214,
      "name": "大寮区"
    },
    {
      "p_code": 710000,
      "p_name": "台湾省",
      "c_code": 710200,
      "c_name": "高雄市",
      "code": 710215,
      "name": "大树区"
    },
    {
      "p_code": 710000,
      "p_name": "台湾省",
      "c_code": 710200,
      "c_name": "高雄市",
      "code": 710216,
      "name": "大社区"
    },
    {
      "p_code": 710000,
      "p_name": "台湾省",
      "c_code": 710200,
      "c_name": "高雄市",
      "code": 710217,
      "name": "仁武区"
    },
    {
      "p_code": 710000,
      "p_name": "台湾省",
      "c_code": 710200,
      "c_name": "高雄市",
      "code": 710218,
      "name": "鸟松区"
    },
    {
      "p_code": 710000,
      "p_name": "台湾省",
      "c_code": 710200,
      "c_name": "高雄市",
      "code": 710219,
      "name": "冈山区"
    },
    {
      "p_code": 710000,
      "p_name": "台湾省",
      "c_code": 710200,
      "c_name": "高雄市",
      "code": 710220,
      "name": "桥头区"
    },
    {
      "p_code": 710000,
      "p_name": "台湾省",
      "c_code": 710200,
      "c_name": "高雄市",
      "code": 710221,
      "name": "燕巢区"
    },
    {
      "p_code": 710000,
      "p_name": "台湾省",
      "c_code": 710200,
      "c_name": "高雄市",
      "code": 710222,
      "name": "田寮区"
    },
    {
      "p_code": 710000,
      "p_name": "台湾省",
      "c_code": 710200,
      "c_name": "高雄市",
      "code": 710223,
      "name": "阿莲区"
    },
    {
      "p_code": 710000,
      "p_name": "台湾省",
      "c_code": 710200,
      "c_name": "高雄市",
      "code": 710224,
      "name": "路竹区"
    },
    {
      "p_code": 710000,
      "p_name": "台湾省",
      "c_code": 710200,
      "c_name": "高雄市",
      "code": 710225,
      "name": "湖内区"
    },
    {
      "p_code": 710000,
      "p_name": "台湾省",
      "c_code": 710200,
      "c_name": "高雄市",
      "code": 710226,
      "name": "茄萣区"
    },
    {
      "p_code": 710000,
      "p_name": "台湾省",
      "c_code": 710200,
      "c_name": "高雄市",
      "code": 710227,
      "name": "永安区"
    },
    {
      "p_code": 710000,
      "p_name": "台湾省",
      "c_code": 710200,
      "c_name": "高雄市",
      "code": 710228,
      "name": "弥陀区"
    },
    {
      "p_code": 710000,
      "p_name": "台湾省",
      "c_code": 710200,
      "c_name": "高雄市",
      "code": 710229,
      "name": "梓官区"
    },
    {
      "p_code": 710000,
      "p_name": "台湾省",
      "c_code": 710200,
      "c_name": "高雄市",
      "code": 710230,
      "name": "旗山区"
    },
    {
      "p_code": 710000,
      "p_name": "台湾省",
      "c_code": 710200,
      "c_name": "高雄市",
      "code": 710231,
      "name": "美浓区"
    },
    {
      "p_code": 710000,
      "p_name": "台湾省",
      "c_code": 710200,
      "c_name": "高雄市",
      "code": 710232,
      "name": "六龟区"
    },
    {
      "p_code": 710000,
      "p_name": "台湾省",
      "c_code": 710200,
      "c_name": "高雄市",
      "code": 710233,
      "name": "甲仙区"
    },
    {
      "p_code": 710000,
      "p_name": "台湾省",
      "c_code": 710200,
      "c_name": "高雄市",
      "code": 710234,
      "name": "杉林区"
    },
    {
      "p_code": 710000,
      "p_name": "台湾省",
      "c_code": 710200,
      "c_name": "高雄市",
      "code": 710235,
      "name": "内门区"
    },
    {
      "p_code": 710000,
      "p_name": "台湾省",
      "c_code": 710200,
      "c_name": "高雄市",
      "code": 710236,
      "name": "茂林区"
    },
    {
      "p_code": 710000,
      "p_name": "台湾省",
      "c_code": 710200,
      "c_name": "高雄市",
      "code": 710237,
      "name": "桃源区"
    },
    {
      "p_code": 710000,
      "p_name": "台湾省",
      "c_code": 710200,
      "c_name": "高雄市",
      "code": 710238,
      "name": "那玛夏区"
    },
    {
      "p_code": 710000,
      "p_name": "台湾省",
      "c_code": 710300,
      "c_name": "台中市",
      "code": 710301,
      "name": "中区"
    },
    {
      "p_code": 710000,
      "p_name": "台湾省",
      "c_code": 710300,
      "c_name": "台中市",
      "code": 710302,
      "name": "东区"
    },
    {
      "p_code": 710000,
      "p_name": "台湾省",
      "c_code": 710300,
      "c_name": "台中市",
      "code": 710303,
      "name": "南区"
    },
    {
      "p_code": 710000,
      "p_name": "台湾省",
      "c_code": 710300,
      "c_name": "台中市",
      "code": 710304,
      "name": "西区"
    },
    {
      "p_code": 710000,
      "p_name": "台湾省",
      "c_code": 710300,
      "c_name": "台中市",
      "code": 710305,
      "name": "北区"
    },
    {
      "p_code": 710000,
      "p_name": "台湾省",
      "c_code": 710300,
      "c_name": "台中市",
      "code": 710306,
      "name": "西屯区"
    },
    {
      "p_code": 710000,
      "p_name": "台湾省",
      "c_code": 710300,
      "c_name": "台中市",
      "code": 710307,
      "name": "南屯区"
    },
    {
      "p_code": 710000,
      "p_name": "台湾省",
      "c_code": 710300,
      "c_name": "台中市",
      "code": 710308,
      "name": "北屯区"
    },
    {
      "p_code": 710000,
      "p_name": "台湾省",
      "c_code": 710300,
      "c_name": "台中市",
      "code": 710309,
      "name": "丰原区"
    },
    {
      "p_code": 710000,
      "p_name": "台湾省",
      "c_code": 710300,
      "c_name": "台中市",
      "code": 710310,
      "name": "东势区"
    },
    {
      "p_code": 710000,
      "p_name": "台湾省",
      "c_code": 710300,
      "c_name": "台中市",
      "code": 710311,
      "name": "大甲区"
    },
    {
      "p_code": 710000,
      "p_name": "台湾省",
      "c_code": 710300,
      "c_name": "台中市",
      "code": 710312,
      "name": "清水区"
    },
    {
      "p_code": 710000,
      "p_name": "台湾省",
      "c_code": 710300,
      "c_name": "台中市",
      "code": 710313,
      "name": "沙鹿区"
    },
    {
      "p_code": 710000,
      "p_name": "台湾省",
      "c_code": 710300,
      "c_name": "台中市",
      "code": 710314,
      "name": "梧栖区"
    },
    {
      "p_code": 710000,
      "p_name": "台湾省",
      "c_code": 710300,
      "c_name": "台中市",
      "code": 710315,
      "name": "后里区"
    },
    {
      "p_code": 710000,
      "p_name": "台湾省",
      "c_code": 710300,
      "c_name": "台中市",
      "code": 710316,
      "name": "神冈区"
    },
    {
      "p_code": 710000,
      "p_name": "台湾省",
      "c_code": 710300,
      "c_name": "台中市",
      "code": 710317,
      "name": "潭子区"
    },
    {
      "p_code": 710000,
      "p_name": "台湾省",
      "c_code": 710300,
      "c_name": "台中市",
      "code": 710318,
      "name": "大雅区"
    },
    {
      "p_code": 710000,
      "p_name": "台湾省",
      "c_code": 710300,
      "c_name": "台中市",
      "code": 710319,
      "name": "新社区"
    },
    {
      "p_code": 710000,
      "p_name": "台湾省",
      "c_code": 710300,
      "c_name": "台中市",
      "code": 710320,
      "name": "石冈区"
    },
    {
      "p_code": 710000,
      "p_name": "台湾省",
      "c_code": 710300,
      "c_name": "台中市",
      "code": 710321,
      "name": "外埔区"
    },
    {
      "p_code": 710000,
      "p_name": "台湾省",
      "c_code": 710300,
      "c_name": "台中市",
      "code": 710322,
      "name": "大安区"
    },
    {
      "p_code": 710000,
      "p_name": "台湾省",
      "c_code": 710300,
      "c_name": "台中市",
      "code": 710323,
      "name": "乌日区"
    },
    {
      "p_code": 710000,
      "p_name": "台湾省",
      "c_code": 710300,
      "c_name": "台中市",
      "code": 710324,
      "name": "大肚区"
    },
    {
      "p_code": 710000,
      "p_name": "台湾省",
      "c_code": 710300,
      "c_name": "台中市",
      "code": 710325,
      "name": "龙井区"
    },
    {
      "p_code": 710000,
      "p_name": "台湾省",
      "c_code": 710300,
      "c_name": "台中市",
      "code": 710326,
      "name": "雾峰区"
    },
    {
      "p_code": 710000,
      "p_name": "台湾省",
      "c_code": 710300,
      "c_name": "台中市",
      "code": 710327,
      "name": "太平区"
    },
    {
      "p_code": 710000,
      "p_name": "台湾省",
      "c_code": 710300,
      "c_name": "台中市",
      "code": 710328,
      "name": "大里区"
    },
    {
      "p_code": 710000,
      "p_name": "台湾省",
      "c_code": 710300,
      "c_name": "台中市",
      "code": 710329,
      "name": "和平区"
    },
    {
      "p_code": 710000,
      "p_name": "台湾省",
      "c_code": 710400,
      "c_name": "台南市",
      "code": 710401,
      "name": "东区"
    },
    {
      "p_code": 710000,
      "p_name": "台湾省",
      "c_code": 710400,
      "c_name": "台南市",
      "code": 710402,
      "name": "南区"
    },
    {
      "p_code": 710000,
      "p_name": "台湾省",
      "c_code": 710400,
      "c_name": "台南市",
      "code": 710403,
      "name": "北区"
    },
    {
      "p_code": 710000,
      "p_name": "台湾省",
      "c_code": 710400,
      "c_name": "台南市",
      "code": 710404,
      "name": "安南区"
    },
    {
      "p_code": 710000,
      "p_name": "台湾省",
      "c_code": 710400,
      "c_name": "台南市",
      "code": 710405,
      "name": "安平区"
    },
    {
      "p_code": 710000,
      "p_name": "台湾省",
      "c_code": 710400,
      "c_name": "台南市",
      "code": 710406,
      "name": "中西区"
    },
    {
      "p_code": 710000,
      "p_name": "台湾省",
      "c_code": 710400,
      "c_name": "台南市",
      "code": 710407,
      "name": "新营区"
    },
    {
      "p_code": 710000,
      "p_name": "台湾省",
      "c_code": 710400,
      "c_name": "台南市",
      "code": 710408,
      "name": "盐水区"
    },
    {
      "p_code": 710000,
      "p_name": "台湾省",
      "c_code": 710400,
      "c_name": "台南市",
      "code": 710409,
      "name": "白河区"
    },
    {
      "p_code": 710000,
      "p_name": "台湾省",
      "c_code": 710400,
      "c_name": "台南市",
      "code": 710410,
      "name": "柳营区"
    },
    {
      "p_code": 710000,
      "p_name": "台湾省",
      "c_code": 710400,
      "c_name": "台南市",
      "code": 710411,
      "name": "后壁区"
    },
    {
      "p_code": 710000,
      "p_name": "台湾省",
      "c_code": 710400,
      "c_name": "台南市",
      "code": 710412,
      "name": "东山区"
    },
    {
      "p_code": 710000,
      "p_name": "台湾省",
      "c_code": 710400,
      "c_name": "台南市",
      "code": 710413,
      "name": "麻豆区"
    },
    {
      "p_code": 710000,
      "p_name": "台湾省",
      "c_code": 710400,
      "c_name": "台南市",
      "code": 710414,
      "name": "下营区"
    },
    {
      "p_code": 710000,
      "p_name": "台湾省",
      "c_code": 710400,
      "c_name": "台南市",
      "code": 710415,
      "name": "六甲区"
    },
    {
      "p_code": 710000,
      "p_name": "台湾省",
      "c_code": 710400,
      "c_name": "台南市",
      "code": 710416,
      "name": "官田区"
    },
    {
      "p_code": 710000,
      "p_name": "台湾省",
      "c_code": 710400,
      "c_name": "台南市",
      "code": 710417,
      "name": "大内区"
    },
    {
      "p_code": 710000,
      "p_name": "台湾省",
      "c_code": 710400,
      "c_name": "台南市",
      "code": 710418,
      "name": "佳里区"
    },
    {
      "p_code": 710000,
      "p_name": "台湾省",
      "c_code": 710400,
      "c_name": "台南市",
      "code": 710419,
      "name": "学甲区"
    },
    {
      "p_code": 710000,
      "p_name": "台湾省",
      "c_code": 710400,
      "c_name": "台南市",
      "code": 710420,
      "name": "西港区"
    },
    {
      "p_code": 710000,
      "p_name": "台湾省",
      "c_code": 710400,
      "c_name": "台南市",
      "code": 710421,
      "name": "七股区"
    },
    {
      "p_code": 710000,
      "p_name": "台湾省",
      "c_code": 710400,
      "c_name": "台南市",
      "code": 710422,
      "name": "将军区"
    },
    {
      "p_code": 710000,
      "p_name": "台湾省",
      "c_code": 710400,
      "c_name": "台南市",
      "code": 710423,
      "name": "北门区"
    },
    {
      "p_code": 710000,
      "p_name": "台湾省",
      "c_code": 710400,
      "c_name": "台南市",
      "code": 710424,
      "name": "新化区"
    },
    {
      "p_code": 710000,
      "p_name": "台湾省",
      "c_code": 710400,
      "c_name": "台南市",
      "code": 710425,
      "name": "善化区"
    },
    {
      "p_code": 710000,
      "p_name": "台湾省",
      "c_code": 710400,
      "c_name": "台南市",
      "code": 710426,
      "name": "新市区"
    },
    {
      "p_code": 710000,
      "p_name": "台湾省",
      "c_code": 710400,
      "c_name": "台南市",
      "code": 710427,
      "name": "安定区"
    },
    {
      "p_code": 710000,
      "p_name": "台湾省",
      "c_code": 710400,
      "c_name": "台南市",
      "code": 710428,
      "name": "山上区"
    },
    {
      "p_code": 710000,
      "p_name": "台湾省",
      "c_code": 710400,
      "c_name": "台南市",
      "code": 710429,
      "name": "玉井区"
    },
    {
      "p_code": 710000,
      "p_name": "台湾省",
      "c_code": 710400,
      "c_name": "台南市",
      "code": 710430,
      "name": "楠西区"
    },
    {
      "p_code": 710000,
      "p_name": "台湾省",
      "c_code": 710400,
      "c_name": "台南市",
      "code": 710431,
      "name": "南化区"
    },
    {
      "p_code": 710000,
      "p_name": "台湾省",
      "c_code": 710400,
      "c_name": "台南市",
      "code": 710432,
      "name": "左镇区"
    },
    {
      "p_code": 710000,
      "p_name": "台湾省",
      "c_code": 710400,
      "c_name": "台南市",
      "code": 710433,
      "name": "仁德区"
    },
    {
      "p_code": 710000,
      "p_name": "台湾省",
      "c_code": 710400,
      "c_name": "台南市",
      "code": 710434,
      "name": "归仁区"
    },
    {
      "p_code": 710000,
      "p_name": "台湾省",
      "c_code": 710400,
      "c_name": "台南市",
      "code": 710435,
      "name": "关庙区"
    },
    {
      "p_code": 710000,
      "p_name": "台湾省",
      "c_code": 710400,
      "c_name": "台南市",
      "code": 710436,
      "name": "龙崎区"
    },
    {
      "p_code": 710000,
      "p_name": "台湾省",
      "c_code": 710400,
      "c_name": "台南市",
      "code": 710437,
      "name": "永康区"
    },
    {
      "p_code": 710000,
      "p_name": "台湾省",
      "c_code": 710500,
      "c_name": "新北市",
      "code": 710501,
      "name": "板桥区"
    },
    {
      "p_code": 710000,
      "p_name": "台湾省",
      "c_code": 710500,
      "c_name": "新北市",
      "code": 710502,
      "name": "三重区"
    },
    {
      "p_code": 710000,
      "p_name": "台湾省",
      "c_code": 710500,
      "c_name": "新北市",
      "code": 710503,
      "name": "中和区"
    },
    {
      "p_code": 710000,
      "p_name": "台湾省",
      "c_code": 710500,
      "c_name": "新北市",
      "code": 710504,
      "name": "永和区"
    },
    {
      "p_code": 710000,
      "p_name": "台湾省",
      "c_code": 710500,
      "c_name": "新北市",
      "code": 710505,
      "name": "新庄区"
    },
    {
      "p_code": 710000,
      "p_name": "台湾省",
      "c_code": 710500,
      "c_name": "新北市",
      "code": 710506,
      "name": "新店区"
    },
    {
      "p_code": 710000,
      "p_name": "台湾省",
      "c_code": 710500,
      "c_name": "新北市",
      "code": 710507,
      "name": "树林区"
    },
    {
      "p_code": 710000,
      "p_name": "台湾省",
      "c_code": 710500,
      "c_name": "新北市",
      "code": 710508,
      "name": "莺歌区"
    },
    {
      "p_code": 710000,
      "p_name": "台湾省",
      "c_code": 710500,
      "c_name": "新北市",
      "code": 710509,
      "name": "三峡区"
    },
    {
      "p_code": 710000,
      "p_name": "台湾省",
      "c_code": 710500,
      "c_name": "新北市",
      "code": 710510,
      "name": "淡水区"
    },
    {
      "p_code": 710000,
      "p_name": "台湾省",
      "c_code": 710500,
      "c_name": "新北市",
      "code": 710511,
      "name": "汐止区"
    },
    {
      "p_code": 710000,
      "p_name": "台湾省",
      "c_code": 710500,
      "c_name": "新北市",
      "code": 710512,
      "name": "瑞芳区"
    },
    {
      "p_code": 710000,
      "p_name": "台湾省",
      "c_code": 710500,
      "c_name": "新北市",
      "code": 710513,
      "name": "土城区"
    },
    {
      "p_code": 710000,
      "p_name": "台湾省",
      "c_code": 710500,
      "c_name": "新北市",
      "code": 710514,
      "name": "芦洲区"
    },
    {
      "p_code": 710000,
      "p_name": "台湾省",
      "c_code": 710500,
      "c_name": "新北市",
      "code": 710515,
      "name": "五股区"
    },
    {
      "p_code": 710000,
      "p_name": "台湾省",
      "c_code": 710500,
      "c_name": "新北市",
      "code": 710516,
      "name": "泰山区"
    },
    {
      "p_code": 710000,
      "p_name": "台湾省",
      "c_code": 710500,
      "c_name": "新北市",
      "code": 710517,
      "name": "林口区"
    },
    {
      "p_code": 710000,
      "p_name": "台湾省",
      "c_code": 710500,
      "c_name": "新北市",
      "code": 710518,
      "name": "深坑区"
    },
    {
      "p_code": 710000,
      "p_name": "台湾省",
      "c_code": 710500,
      "c_name": "新北市",
      "code": 710519,
      "name": "石碇区"
    },
    {
      "p_code": 710000,
      "p_name": "台湾省",
      "c_code": 710500,
      "c_name": "新北市",
      "code": 710520,
      "name": "坪林区"
    },
    {
      "p_code": 710000,
      "p_name": "台湾省",
      "c_code": 710500,
      "c_name": "新北市",
      "code": 710521,
      "name": "三芝区"
    },
    {
      "p_code": 710000,
      "p_name": "台湾省",
      "c_code": 710500,
      "c_name": "新北市",
      "code": 710522,
      "name": "石门区"
    },
    {
      "p_code": 710000,
      "p_name": "台湾省",
      "c_code": 710500,
      "c_name": "新北市",
      "code": 710523,
      "name": "八里区"
    },
    {
      "p_code": 710000,
      "p_name": "台湾省",
      "c_code": 710500,
      "c_name": "新北市",
      "code": 710524,
      "name": "平溪区"
    },
    {
      "p_code": 710000,
      "p_name": "台湾省",
      "c_code": 710500,
      "c_name": "新北市",
      "code": 710525,
      "name": "双溪区"
    },
    {
      "p_code": 710000,
      "p_name": "台湾省",
      "c_code": 710500,
      "c_name": "新北市",
      "code": 710526,
      "name": "贡寮区"
    },
    {
      "p_code": 710000,
      "p_name": "台湾省",
      "c_code": 710500,
      "c_name": "新北市",
      "code": 710527,
      "name": "金山区"
    },
    {
      "p_code": 710000,
      "p_name": "台湾省",
      "c_code": 710500,
      "c_name": "新北市",
      "code": 710528,
      "name": "万里区"
    },
    {
      "p_code": 710000,
      "p_name": "台湾省",
      "c_code": 710500,
      "c_name": "新北市",
      "code": 710529,
      "name": "乌来区"
    },

    {
      "p_code": 710000,
      "p_name": "台湾省",
      "c_code": 710600,
      "c_name": "桃园市",
      "code": 710601,
      "name": "桃园区"
    },
    {
      "p_code": 710000,
      "p_name": "台湾省",
      "c_code": 710600,
      "c_name": "桃园市",
      "code": 710602,
      "name": "中坜区"
    },
    {
      "p_code": 710000,
      "p_name": "台湾省",
      "c_code": 710600,
      "c_name": "桃园市",
      "code": 710603,
      "name": "平镇区"
    },
    {
      "p_code": 710000,
      "p_name": "台湾省",
      "c_code": 710600,
      "c_name": "桃园市",
      "code": 710604,
      "name": "八德区"
    },
    {
      "p_code": 710000,
      "p_name": "台湾省",
      "c_code": 710600,
      "c_name": "桃园市",
      "code": 710605,
      "name": "杨梅区"
    },
    {
      "p_code": 710000,
      "p_name": "台湾省",
      "c_code": 710600,
      "c_name": "桃园市",
      "code": 710606,
      "name": "大溪区"
    },
    {
      "p_code": 710000,
      "p_name": "台湾省",
      "c_code": 710600,
      "c_name": "桃园市",
      "code": 710607,
      "name": "芦竹区"
    },
    {
      "p_code": 710000,
      "p_name": "台湾省",
      "c_code": 710600,
      "c_name": "桃园市",
      "code": 710608,
      "name": "大园区"
    },
    {
      "p_code": 710000,
      "p_name": "台湾省",
      "c_code": 710600,
      "c_name": "桃园市",
      "code": 710609,
      "name": "龟山区"
    },
    {
      "p_code": 710000,
      "p_name": "台湾省",
      "c_code": 710600,
      "c_name": "桃园市",
      "code": 710610,
      "name": "龙潭区"
    },
    {
      "p_code": 710000,
      "p_name": "台湾省",
      "c_code": 710600,
      "c_name": "桃园市",
      "code": 710611,
      "name": "新屋区"
    },
    {
      "p_code": 710000,
      "p_name": "台湾省",
      "c_code": 710600,
      "c_name": "桃园市",
      "code": 710612,
      "name": "观音区"
    },
    {
      "p_code": 710000,
      "p_name": "台湾省",
      "c_code": 710600,
      "c_name": "桃园市",
      "code": 710613,
      "name": "复兴区"
    },

    {
      "p_code": 710000,
      "p_name": "台湾省",
      "c_code": 710700,
      "c_name": "基隆市",
      "code": 710701,
      "name": "仁爱区"
    },
    {
      "p_code": 710000,
      "p_name": "台湾省",
      "c_code": 710700,
      "c_name": "基隆市",
      "code": 710702,
      "name": "信义区"
    },
    {
      "p_code": 710000,
      "p_name": "台湾省",
      "c_code": 710700,
      "c_name": "基隆市",
      "code": 710703,
      "name": "中正区"
    },
    {
      "p_code": 710000,
      "p_name": "台湾省",
      "c_code": 710700,
      "c_name": "基隆市",
      "code": 710704,
      "name": "中山区"
    },
    {
      "p_code": 710000,
      "p_name": "台湾省",
      "c_code": 710700,
      "c_name": "基隆市",
      "code": 710705,
      "name": "安乐区"
    },
    {
      "p_code": 710000,
      "p_name": "台湾省",
      "c_code": 710700,
      "c_name": "基隆市",
      "code": 710706,
      "name": "暖暖区"
    },
    {
      "p_code": 710000,
      "p_name": "台湾省",
      "c_code": 710700,
      "c_name": "基隆市",
      "code": 710707,
      "name": "七堵区"
    },

    {
      "p_code": 710000,
      "p_name": "台湾省",
      "c_code": 710800,
      "c_name": "新竹市",
      "code": 710801,
      "name": "东区"
    },
    {
      "p_code": 710000,
      "p_name": "台湾省",
      "c_code": 710800,
      "c_name": "新竹市",
      "code": 710802,
      "name": "北区"
    },
    {
      "p_code": 710000,
      "p_name": "台湾省",
      "c_code": 710800,
      "c_name": "新竹市",
      "code": 710803,
      "name": "香山区"
    },
    {
      "p_code": 710000,
      "p_name": "台湾省",
      "c_code": 710900,
      "c_name": "嘉义市",
      "code": 710901,
      "name": "东区"
    },
    {
      "p_code": 710000,
      "p_name": "台湾省",
      "c_code": 710900,
      "c_name": "嘉义市",
      "code": 710902,
      "name": "西区"
    },

    {
      "p_code": 710000,
      "p_name": "台湾省",
      "c_code": 711000,
      "c_name": "新竹县",
      "code": 711001,
      "name": "竹北市"
    },
    {
      "p_code": 710000,
      "p_name": "台湾省",
      "c_code": 711000,
      "c_name": "新竹县",
      "code": 711002,
      "name": "竹东镇"
    },
    {
      "p_code": 710000,
      "p_name": "台湾省",
      "c_code": 711000,
      "c_name": "新竹县",
      "code": 711003,
      "name": "新埔镇"
    },
    {
      "p_code": 710000,
      "p_name": "台湾省",
      "c_code": 711000,
      "c_name": "新竹县",
      "code": 711004,
      "name": "关西镇"
    },
    {
      "p_code": 710000,
      "p_name": "台湾省",
      "c_code": 711000,
      "c_name": "新竹县",
      "code": 711005,
      "name": "湖口乡"
    },
    {
      "p_code": 710000,
      "p_name": "台湾省",
      "c_code": 711000,
      "c_name": "新竹县",
      "code": 711006,
      "name": "新丰乡"
    },
    {
      "p_code": 710000,
      "p_name": "台湾省",
      "c_code": 711000,
      "c_name": "新竹县",
      "code": 711007,
      "name": "芎林乡"
    },
    {
      "p_code": 710000,
      "p_name": "台湾省",
      "c_code": 711000,
      "c_name": "新竹县",
      "code": 711008,
      "name": "横山乡"
    },
    {
      "p_code": 710000,
      "p_name": "台湾省",
      "c_code": 711000,
      "c_name": "新竹县",
      "code": 711009,
      "name": "北埔乡"
    },
    {
      "p_code": 710000,
      "p_name": "台湾省",
      "c_code": 711000,
      "c_name": "新竹县",
      "code": 711010,
      "name": "宝山乡"
    },
    {
      "p_code": 710000,
      "p_name": "台湾省",
      "c_code": 711000,
      "c_name": "新竹县",
      "code": 711011,
      "name": "峨眉乡"
    },
    {
      "p_code": 710000,
      "p_name": "台湾省",
      "c_code": 711000,
      "c_name": "新竹县",
      "code": 711012,
      "name": "尖石乡"
    },
    {
      "p_code": 710000,
      "p_name": "台湾省",
      "c_code": 711000,
      "c_name": "新竹县",
      "code": 711013,
      "name": "五峰乡"
    },

    {
      "p_code": 710000,
      "p_name": "台湾省",
      "c_code": 711100,
      "c_name": "苗栗县",
      "code": 711101,
      "name": "苗栗市"
    },
    {
      "p_code": 710000,
      "p_name": "台湾省",
      "c_code": 711100,
      "c_name": "苗栗县",
      "code": 711102,
      "name": "头份市"
    },
    {
      "p_code": 710000,
      "p_name": "台湾省",
      "c_code": 711100,
      "c_name": "苗栗县",
      "code": 711103,
      "name": "苑里镇"
    },
    {
      "p_code": 710000,
      "p_name": "台湾省",
      "c_code": 711100,
      "c_name": "苗栗县",
      "code": 711104,
      "name": "通霄镇"
    },
    {
      "p_code": 710000,
      "p_name": "台湾省",
      "c_code": 711100,
      "c_name": "苗栗县",
      "code": 711105,
      "name": "竹南镇"
    },
    {
      "p_code": 710000,
      "p_name": "台湾省",
      "c_code": 711100,
      "c_name": "苗栗县",
      "code": 711106,
      "name": "后龙镇"
    },
    {
      "p_code": 710000,
      "p_name": "台湾省",
      "c_code": 711100,
      "c_name": "苗栗县",
      "code": 711107,
      "name": "卓兰镇"
    },
    {
      "p_code": 710000,
      "p_name": "台湾省",
      "c_code": 711100,
      "c_name": "苗栗县",
      "code": 711108,
      "name": "大湖乡"
    },
    {
      "p_code": 710000,
      "p_name": "台湾省",
      "c_code": 711100,
      "c_name": "苗栗县",
      "code": 711109,
      "name": "公馆乡"
    },
    {
      "p_code": 710000,
      "p_name": "台湾省",
      "c_code": 711100,
      "c_name": "苗栗县",
      "code": 711110,
      "name": "铜锣乡"
    },
    {
      "p_code": 710000,
      "p_name": "台湾省",
      "c_code": 711100,
      "c_name": "苗栗县",
      "code": 711111,
      "name": "南庄乡"
    },
    {
      "p_code": 710000,
      "p_name": "台湾省",
      "c_code": 711100,
      "c_name": "苗栗县",
      "code": 711112,
      "name": "头屋乡"
    },
    {
      "p_code": 710000,
      "p_name": "台湾省",
      "c_code": 711100,
      "c_name": "苗栗县",
      "code": 711113,
      "name": "三义乡"
    },
    {
      "p_code": 710000,
      "p_name": "台湾省",
      "c_code": 711100,
      "c_name": "苗栗县",
      "code": 711114,
      "name": "西湖乡"
    },
    {
      "p_code": 710000,
      "p_name": "台湾省",
      "c_code": 711100,
      "c_name": "苗栗县",
      "code": 711115,
      "name": "狮潭乡"
    },
    {
      "p_code": 710000,
      "p_name": "台湾省",
      "c_code": 711100,
      "c_name": "苗栗县",
      "code": 711116,
      "name": "三湾乡"
    },
    {
      "p_code": 710000,
      "p_name": "台湾省",
      "c_code": 711100,
      "c_name": "苗栗县",
      "code": 711117,
      "name": "造桥乡"
    },
    {
      "p_code": 710000,
      "p_name": "台湾省",
      "c_code": 711100,
      "c_name": "苗栗县",
      "code": 711118,
      "name": "泰安乡"
    },

    {
      "p_code": 710000,
      "p_name": "台湾省",
      "c_code": 711200,
      "c_name": "彰化县",
      "code": 711201,
      "name": "彰化市"
    },
    {
      "p_code": 710000,
      "p_name": "台湾省",
      "c_code": 711200,
      "c_name": "彰化县",
      "code": 711202,
      "name": "员林市"
    },
    {
      "p_code": 710000,
      "p_name": "台湾省",
      "c_code": 711200,
      "c_name": "彰化县",
      "code": 711203,
      "name": "和美镇"
    },
    {
      "p_code": 710000,
      "p_name": "台湾省",
      "c_code": 711200,
      "c_name": "彰化县",
      "code": 711204,
      "name": "鹿港镇"
    },
    {
      "p_code": 710000,
      "p_name": "台湾省",
      "c_code": 711200,
      "c_name": "彰化县",
      "code": 711205,
      "name": "溪湖镇"
    },
    {
      "p_code": 710000,
      "p_name": "台湾省",
      "c_code": 711200,
      "c_name": "彰化县",
      "code": 711206,
      "name": "二林镇"
    },
    {
      "p_code": 710000,
      "p_name": "台湾省",
      "c_code": 711200,
      "c_name": "彰化县",
      "code": 711207,
      "name": "田中镇"
    },
    {
      "p_code": 710000,
      "p_name": "台湾省",
      "c_code": 711200,
      "c_name": "彰化县",
      "code": 711208,
      "name": "北斗镇"
    },
    {
      "p_code": 710000,
      "p_name": "台湾省",
      "c_code": 711200,
      "c_name": "彰化县",
      "code": 711209,
      "name": "花坛乡"
    },
    {
      "p_code": 710000,
      "p_name": "台湾省",
      "c_code": 711200,
      "c_name": "彰化县",
      "code": 711210,
      "name": "芬园乡"
    },
    {
      "p_code": 710000,
      "p_name": "台湾省",
      "c_code": 711200,
      "c_name": "彰化县",
      "code": 711211,
      "name": "大村乡"
    },
    {
      "p_code": 710000,
      "p_name": "台湾省",
      "c_code": 711200,
      "c_name": "彰化县",
      "code": 711212,
      "name": "永靖乡"
    },
    {
      "p_code": 710000,
      "p_name": "台湾省",
      "c_code": 711200,
      "c_name": "彰化县",
      "code": 711213,
      "name": "伸港乡"
    },
    {
      "p_code": 710000,
      "p_name": "台湾省",
      "c_code": 711200,
      "c_name": "彰化县",
      "code": 711214,
      "name": "线西乡"
    },
    {
      "p_code": 710000,
      "p_name": "台湾省",
      "c_code": 711200,
      "c_name": "彰化县",
      "code": 711215,
      "name": "福兴乡"
    },
    {
      "p_code": 710000,
      "p_name": "台湾省",
      "c_code": 711200,
      "c_name": "彰化县",
      "code": 711216,
      "name": "秀水乡"
    },
    {
      "p_code": 710000,
      "p_name": "台湾省",
      "c_code": 711200,
      "c_name": "彰化县",
      "code": 711217,
      "name": "埔心乡"
    },
    {
      "p_code": 710000,
      "p_name": "台湾省",
      "c_code": 711200,
      "c_name": "彰化县",
      "code": 711218,
      "name": "埔盐乡"
    },
    {
      "p_code": 710000,
      "p_name": "台湾省",
      "c_code": 711200,
      "c_name": "彰化县",
      "code": 711219,
      "name": "大城乡"
    },
    {
      "p_code": 710000,
      "p_name": "台湾省",
      "c_code": 711200,
      "c_name": "彰化县",
      "code": 711220,
      "name": "芳苑乡"
    },
    {
      "p_code": 710000,
      "p_name": "台湾省",
      "c_code": 711200,
      "c_name": "彰化县",
      "code": 711221,
      "name": "二水乡"
    },
    {
      "p_code": 710000,
      "p_name": "台湾省",
      "c_code": 711200,
      "c_name": "彰化县",
      "code": 711222,
      "name": "竹塘乡"
    },
    {
      "p_code": 710000,
      "p_name": "台湾省",
      "c_code": 711200,
      "c_name": "彰化县",
      "code": 711223,
      "name": "溪州乡"
    },
    {
      "p_code": 710000,
      "p_name": "台湾省",
      "c_code": 711200,
      "c_name": "彰化县",
      "code": 711224,
      "name": "社头乡"
    },
    {
      "p_code": 710000,
      "p_name": "台湾省",
      "c_code": 711200,
      "c_name": "彰化县",
      "code": 711225,
      "name": "田尾乡"
    },
    {
      "p_code": 710000,
      "p_name": "台湾省",
      "c_code": 711200,
      "c_name": "彰化县",
      "code": 711226,
      "name": "埤头乡"
    },
    {
      "p_code": 710000,
      "p_name": "台湾省",
      "c_code": 711200,
      "c_name": "彰化县",
      "code": 711227,
      "name": "溪头乡"
    },
    {
      "p_code": 710000,
      "p_name": "台湾省",
      "c_code": 711300,
      "c_name": "南投县",
      "code": 711301,
      "name": "南投市"
    },
    {
      "p_code": 710000,
      "p_name": "台湾省",
      "c_code": 711300,
      "c_name": "南投县",
      "code": 711302,
      "name": "埔里镇"
    },
    {
      "p_code": 710000,
      "p_name": "台湾省",
      "c_code": 711300,
      "c_name": "南投县",
      "code": 711303,
      "name": "草屯镇"
    },
    {
      "p_code": 710000,
      "p_name": "台湾省",
      "c_code": 711300,
      "c_name": "南投县",
      "code": 711304,
      "name": "竹山镇"
    },
    {
      "p_code": 710000,
      "p_name": "台湾省",
      "c_code": 711300,
      "c_name": "南投县",
      "code": 711305,
      "name": "集集镇"
    },
    {
      "p_code": 710000,
      "p_name": "台湾省",
      "c_code": 711300,
      "c_name": "南投县",
      "code": 711306,
      "name": "名间乡"
    },
    {
      "p_code": 710000,
      "p_name": "台湾省",
      "c_code": 711300,
      "c_name": "南投县",
      "code": 711307,
      "name": "鹿谷乡"
    },
    {
      "p_code": 710000,
      "p_name": "台湾省",
      "c_code": 711300,
      "c_name": "南投县",
      "code": 711308,
      "name": "中寮乡"
    },
    {
      "p_code": 710000,
      "p_name": "台湾省",
      "c_code": 711300,
      "c_name": "南投县",
      "code": 711309,
      "name": "鱼池乡"
    },
    {
      "p_code": 710000,
      "p_name": "台湾省",
      "c_code": 711300,
      "c_name": "南投县",
      "code": 711310,
      "name": "国姓乡"
    },
    {
      "p_code": 710000,
      "p_name": "台湾省",
      "c_code": 711300,
      "c_name": "南投县",
      "code": 711311,
      "name": "水里乡"
    },
    {
      "p_code": 710000,
      "p_name": "台湾省",
      "c_code": 711300,
      "c_name": "南投县",
      "code": 711312,
      "name": "信义乡"
    },
    {
      "p_code": 710000,
      "p_name": "台湾省",
      "c_code": 711300,
      "c_name": "南投县",
      "code": 711313,
      "name": "仁爱乡"
    },

    {
      "p_code": 710000,
      "p_name": "台湾省",
      "c_code": 711400,
      "c_name": "云林县",
      "code": 711401,
      "name": "斗六市"
    },
    {
      "p_code": 710000,
      "p_name": "台湾省",
      "c_code": 711400,
      "c_name": "云林县",
      "code": 711402,
      "name": "斗南镇"
    },
    {
      "p_code": 710000,
      "p_name": "台湾省",
      "c_code": 711400,
      "c_name": "云林县",
      "code": 711403,
      "name": "虎尾镇"
    },
    {
      "p_code": 710000,
      "p_name": "台湾省",
      "c_code": 711400,
      "c_name": "云林县",
      "code": 711404,
      "name": "西螺镇"
    },
    {
      "p_code": 710000,
      "p_name": "台湾省",
      "c_code": 711400,
      "c_name": "云林县",
      "code": 711405,
      "name": "土库镇"
    },
    {
      "p_code": 710000,
      "p_name": "台湾省",
      "c_code": 711400,
      "c_name": "云林县",
      "code": 711406,
      "name": "北港镇"
    },
    {
      "p_code": 710000,
      "p_name": "台湾省",
      "c_code": 711400,
      "c_name": "云林县",
      "code": 711407,
      "name": "古坑乡"
    },
    {
      "p_code": 710000,
      "p_name": "台湾省",
      "c_code": 711400,
      "c_name": "云林县",
      "code": 711408,
      "name": "大埤乡"
    },
    {
      "p_code": 710000,
      "p_name": "台湾省",
      "c_code": 711400,
      "c_name": "云林县",
      "code": 711409,
      "name": "莿桐乡"
    },
    {
      "p_code": 710000,
      "p_name": "台湾省",
      "c_code": 711400,
      "c_name": "云林县",
      "code": 711410,
      "name": "林内乡"
    },
    {
      "p_code": 710000,
      "p_name": "台湾省",
      "c_code": 711400,
      "c_name": "云林县",
      "code": 711411,
      "name": "二仑乡"
    },
    {
      "p_code": 710000,
      "p_name": "台湾省",
      "c_code": 711400,
      "c_name": "云林县",
      "code": 711412,
      "name": "仑背乡"
    },
    {
      "p_code": 710000,
      "p_name": "台湾省",
      "c_code": 711400,
      "c_name": "云林县",
      "code": 711413,
      "name": "麦寮乡"
    },
    {
      "p_code": 710000,
      "p_name": "台湾省",
      "c_code": 711400,
      "c_name": "云林县",
      "code": 711414,
      "name": "东势乡"
    },
    {
      "p_code": 710000,
      "p_name": "台湾省",
      "c_code": 711400,
      "c_name": "云林县",
      "code": 711415,
      "name": "褒忠乡"
    },
    {
      "p_code": 710000,
      "p_name": "台湾省",
      "c_code": 711400,
      "c_name": "云林县",
      "code": 711416,
      "name": "台西乡"
    },
    {
      "p_code": 710000,
      "p_name": "台湾省",
      "c_code": 711400,
      "c_name": "云林县",
      "code": 711417,
      "name": "元长乡"
    },
    {
      "p_code": 710000,
      "p_name": "台湾省",
      "c_code": 711400,
      "c_name": "云林县",
      "code": 711418,
      "name": "四湖乡"
    },
    {
      "p_code": 710000,
      "p_name": "台湾省",
      "c_code": 711400,
      "c_name": "云林县",
      "code": 711419,
      "name": "口湖乡"
    },
    {
      "p_code": 710000,
      "p_name": "台湾省",
      "c_code": 711400,
      "c_name": "云林县",
      "code": 711420,
      "name": "水林乡"
    },

    {
      "p_code": 710000,
      "p_name": "台湾省",
      "c_code": 711500,
      "c_name": "嘉义县",
      "code": 711501,
      "name": "太保市"
    },
    {
      "p_code": 710000,
      "p_name": "台湾省",
      "c_code": 711500,
      "c_name": "嘉义县",
      "code": 711502,
      "name": "朴子市"
    },
    {
      "p_code": 710000,
      "p_name": "台湾省",
      "c_code": 711500,
      "c_name": "嘉义县",
      "code": 711503,
      "name": "布袋镇"
    },
    {
      "p_code": 710000,
      "p_name": "台湾省",
      "c_code": 711500,
      "c_name": "嘉义县",
      "code": 711504,
      "name": "大林镇"
    },
    {
      "p_code": 710000,
      "p_name": "台湾省",
      "c_code": 711500,
      "c_name": "嘉义县",
      "code": 711505,
      "name": "民雄乡"
    },
    {
      "p_code": 710000,
      "p_name": "台湾省",
      "c_code": 711500,
      "c_name": "嘉义县",
      "code": 711506,
      "name": "溪口乡"
    },
    {
      "p_code": 710000,
      "p_name": "台湾省",
      "c_code": 711500,
      "c_name": "嘉义县",
      "code": 711507,
      "name": "新港乡"
    },
    {
      "p_code": 710000,
      "p_name": "台湾省",
      "c_code": 711500,
      "c_name": "嘉义县",
      "code": 711508,
      "name": "六脚乡"
    },
    {
      "p_code": 710000,
      "p_name": "台湾省",
      "c_code": 711500,
      "c_name": "嘉义县",
      "code": 711509,
      "name": "东石乡"
    },
    {
      "p_code": 710000,
      "p_name": "台湾省",
      "c_code": 711500,
      "c_name": "嘉义县",
      "code": 711510,
      "name": "义竹乡"
    },
    {
      "p_code": 710000,
      "p_name": "台湾省",
      "c_code": 711500,
      "c_name": "嘉义县",
      "code": 711511,
      "name": "鹿草乡"
    },
    {
      "p_code": 710000,
      "p_name": "台湾省",
      "c_code": 711500,
      "c_name": "嘉义县",
      "code": 711512,
      "name": "水上乡"
    },
    {
      "p_code": 710000,
      "p_name": "台湾省",
      "c_code": 711500,
      "c_name": "嘉义县",
      "code": 711513,
      "name": "中埔乡"
    },
    {
      "p_code": 710000,
      "p_name": "台湾省",
      "c_code": 711500,
      "c_name": "嘉义县",
      "code": 711514,
      "name": "竹崎乡"
    },
    {
      "p_code": 710000,
      "p_name": "台湾省",
      "c_code": 711500,
      "c_name": "嘉义县",
      "code": 711515,
      "name": "梅山乡"
    },
    {
      "p_code": 710000,
      "p_name": "台湾省",
      "c_code": 711500,
      "c_name": "嘉义县",
      "code": 711516,
      "name": "番路乡"
    },
    {
      "p_code": 710000,
      "p_name": "台湾省",
      "c_code": 711500,
      "c_name": "嘉义县",
      "code": 711517,
      "name": "大埔乡"
    },
    {
      "p_code": 710000,
      "p_name": "台湾省",
      "c_code": 711500,
      "c_name": "嘉义县",
      "code": 711518,
      "name": "阿里山乡"
    },

    {
      "p_code": 710000,
      "p_name": "台湾省",
      "c_code": 711600,
      "c_name": "屏东县",
      "code": 711601,
      "name": "屏东市"
    },
    {
      "p_code": 710000,
      "p_name": "台湾省",
      "c_code": 711600,
      "c_name": "屏东县",
      "code": 711602,
      "name": "潮州镇"
    },
    {
      "p_code": 710000,
      "p_name": "台湾省",
      "c_code": 711600,
      "c_name": "屏东县",
      "code": 711603,
      "name": "东港镇"
    },
    {
      "p_code": 710000,
      "p_name": "台湾省",
      "c_code": 711600,
      "c_name": "屏东县",
      "code": 711604,
      "name": "恒春镇"
    },
    {
      "p_code": 710000,
      "p_name": "台湾省",
      "c_code": 711600,
      "c_name": "屏东县",
      "code": 711605,
      "name": "万丹乡"
    },
    {
      "p_code": 710000,
      "p_name": "台湾省",
      "c_code": 711600,
      "c_name": "屏东县",
      "code": 711606,
      "name": "长治乡"
    },
    {
      "p_code": 710000,
      "p_name": "台湾省",
      "c_code": 711600,
      "c_name": "屏东县",
      "code": 711607,
      "name": "麟洛乡"
    },
    {
      "p_code": 710000,
      "p_name": "台湾省",
      "c_code": 711600,
      "c_name": "屏东县",
      "code": 711608,
      "name": "九如乡"
    },
    {
      "p_code": 710000,
      "p_name": "台湾省",
      "c_code": 711600,
      "c_name": "屏东县",
      "code": 711609,
      "name": "里港乡"
    },
    {
      "p_code": 710000,
      "p_name": "台湾省",
      "c_code": 711600,
      "c_name": "屏东县",
      "code": 711610,
      "name": "盐埔乡"
    },
    {
      "p_code": 710000,
      "p_name": "台湾省",
      "c_code": 711600,
      "c_name": "屏东县",
      "code": 711611,
      "name": "高树乡"
    },
    {
      "p_code": 710000,
      "p_name": "台湾省",
      "c_code": 711600,
      "c_name": "屏东县",
      "code": 711612,
      "name": "万峦乡"
    },
    {
      "p_code": 710000,
      "p_name": "台湾省",
      "c_code": 711600,
      "c_name": "屏东县",
      "code": 711613,
      "name": "内埔乡"
    },
    {
      "p_code": 710000,
      "p_name": "台湾省",
      "c_code": 711600,
      "c_name": "屏东县",
      "code": 711614,
      "name": "竹田乡"
    },
    {
      "p_code": 710000,
      "p_name": "台湾省",
      "c_code": 711600,
      "c_name": "屏东县",
      "code": 711615,
      "name": "新园乡"
    },
    {
      "p_code": 710000,
      "p_name": "台湾省",
      "c_code": 711600,
      "c_name": "屏东县",
      "code": 711616,
      "name": "枋寮乡"
    },
    {
      "p_code": 710000,
      "p_name": "台湾省",
      "c_code": 711600,
      "c_name": "屏东县",
      "code": 711617,
      "name": "新埤乡"
    },
    {
      "p_code": 710000,
      "p_name": "台湾省",
      "c_code": 711600,
      "c_name": "屏东县",
      "code": 711618,
      "name": "来义乡"
    },
    {
      "p_code": 710000,
      "p_name": "台湾省",
      "c_code": 711600,
      "c_name": "屏东县",
      "code": 711619,
      "name": "东源乡"
    },
    {
      "p_code": 710000,
      "p_name": "台湾省",
      "c_code": 711600,
      "c_name": "屏东县",
      "code": 711620,
      "name": "牡丹乡"
    },
    {
      "p_code": 710000,
      "p_name": "台湾省",
      "c_code": 711600,
      "c_name": "屏东县",
      "code": 711621,
      "name": "车城乡"
    },
    {
      "p_code": 710000,
      "p_name": "台湾省",
      "c_code": 711600,
      "c_name": "屏东县",
      "code": 711622,
      "name": "满州乡"
    },
    {
      "p_code": 710000,
      "p_name": "台湾省",
      "c_code": 711600,
      "c_name": "屏东县",
      "code": 711623,
      "name": "枋山乡"
    },
    {
      "p_code": 710000,
      "p_name": "台湾省",
      "c_code": 711600,
      "c_name": "屏东县",
      "code": 711624,
      "name": "三地门乡"
    },
    {
      "p_code": 710000,
      "p_name": "台湾省",
      "c_code": 711600,
      "c_name": "屏东县",
      "code": 711625,
      "name": "雾台乡"
    },
    {
      "p_code": 710000,
      "p_name": "台湾省",
      "c_code": 711600,
      "c_name": "屏东县",
      "code": 711626,
      "name": "玛家乡"
    },
    {
      "p_code": 710000,
      "p_name": "台湾省",
      "c_code": 711600,
      "c_name": "屏东县",
      "code": 711627,
      "name": "泰武乡"
    },
    {
      "p_code": 710000,
      "p_name": "台湾省",
      "c_code": 711600,
      "c_name": "屏东县",
      "code": 711628,
      "name": "来义乡"
    },
    {
      "p_code": 710000,
      "p_name": "台湾省",
      "c_code": 711600,
      "c_name": "屏东县",
      "code": 711629,
      "name": "春日乡"
    },
    {
      "p_code": 710000,
      "p_name": "台湾省",
      "c_code": 711600,
      "c_name": "屏东县",
      "code": 711630,
      "name": "狮子乡"
    },
    {
      "p_code": 710000,
      "p_name": "台湾省",
      "c_code": 711600,
      "c_name": "屏东县",
      "code": 711631,
      "name": "牡丹乡"
    },
    {
      "p_code": 710000,
      "p_name": "台湾省",
      "c_code": 711600,
      "c_name": "屏东县",
      "code": 711632,
      "name": "车城乡"
    },
    {
      "p_code": 710000,
      "p_name": "台湾省",
      "c_code": 711600,
      "c_name": "屏东县",
      "code": 711633,
      "name": "满州乡"
    },

    {
      "p_code": 710000,
      "p_name": "台湾省",
      "c_code": 711700,
      "c_name": "台东县",
      "code": 711701,
      "name": "台东市"
    },
    {
      "p_code": 710000,
      "p_name": "台湾省",
      "c_code": 711700,
      "c_name": "台东县",
      "code": 711702,
      "name": "成功镇"
    },
    {
      "p_code": 710000,
      "p_name": "台湾省",
      "c_code": 711700,
      "c_name": "台东县",
      "code": 711703,
      "name": "关山镇"
    },
    {
      "p_code": 710000,
      "p_name": "台湾省",
      "c_code": 711700,
      "c_name": "台东县",
      "code": 711704,
      "name": "卑南乡"
    },
    {
      "p_code": 710000,
      "p_name": "台湾省",
      "c_code": 711700,
      "c_name": "台东县",
      "code": 711705,
      "name": "大武乡"
    },
    {
      "p_code": 710000,
      "p_name": "台湾省",
      "c_code": 711700,
      "c_name": "台东县",
      "code": 711706,
      "name": "太麻里乡"
    },
    {
      "p_code": 710000,
      "p_name": "台湾省",
      "c_code": 711700,
      "c_name": "台东县",
      "code": 711707,
      "name": "东河乡"
    },
    {
      "p_code": 710000,
      "p_name": "台湾省",
      "c_code": 711700,
      "c_name": "台东县",
      "code": 711708,
      "name": "长滨乡"
    },
    {
      "p_code": 710000,
      "p_name": "台湾省",
      "c_code": 711700,
      "c_name": "台东县",
      "code": 711709,
      "name": "鹿野乡"
    },
    {
      "p_code": 710000,
      "p_name": "台湾省",
      "c_code": 711700,
      "c_name": "台东县",
      "code": 711710,
      "name": "池上乡"
    },
    {
      "p_code": 710000,
      "p_name": "台湾省",
      "c_code": 711700,
      "c_name": "台东县",
      "code": 711711,
      "name": "绿岛乡"
    },
    {
      "p_code": 710000,
      "p_name": "台湾省",
      "c_code": 711700,
      "c_name": "台东县",
      "code": 711712,
      "name": "延平乡"
    },
    {
      "p_code": 710000,
      "p_name": "台湾省",
      "c_code": 711700,
      "c_name": "台东县",
      "code": 711713,
      "name": "海端乡"
    },
    {
      "p_code": 710000,
      "p_name": "台湾省",
      "c_code": 711700,
      "c_name": "台东县",
      "code": 711714,
      "name": "达仁乡"
    },
    {
      "p_code": 710000,
      "p_name": "台湾省",
      "c_code": 711700,
      "c_name": "台东县",
      "code": 711715,
      "name": "金峰乡"
    },
    {
      "p_code": 710000,
      "p_name": "台湾省",
      "c_code": 711700,
      "c_name": "台东县",
      "code": 711716,
      "name": "兰屿乡"
    },

    {
      "p_code": 710000,
      "p_name": "台湾省",
      "c_code": 711800,
      "c_name": "花莲县",
      "code": 711801,
      "name": "花莲市"
    },
    {
      "p_code": 710000,
      "p_name": "台湾省",
      "c_code": 711800,
      "c_name": "花莲县",
      "code": 711802,
      "name": "凤林镇"
    },
    {
      "p_code": 710000,
      "p_name": "台湾省",
      "c_code": 711800,
      "c_name": "花莲县",
      "code": 711803,
      "name": "玉里镇"
    },
    {
      "p_code": 710000,
      "p_name": "台湾省",
      "c_code": 711800,
      "c_name": "花莲县",
      "code": 711804,
      "name": "新城乡"
    },
    {
      "p_code": 710000,
      "p_name": "台湾省",
      "c_code": 711800,
      "c_name": "花莲县",
      "code": 711805,
      "name": "吉安乡"
    },
    {
      "p_code": 710000,
      "p_name": "台湾省",
      "c_code": 711800,
      "c_name": "花莲县",
      "code": 711806,
      "name": "寿丰乡"
    },
    {
      "p_code": 710000,
      "p_name": "台湾省",
      "c_code": 711800,
      "c_name": "花莲县",
      "code": 711807,
      "name": "光复乡"
    },
    {
      "p_code": 710000,
      "p_name": "台湾省",
      "c_code": 711800,
      "c_name": "花莲县",
      "code": 711808,
      "name": "丰滨乡"
    },
    {
      "p_code": 710000,
      "p_name": "台湾省",
      "c_code": 711800,
      "c_name": "花莲县",
      "code": 711809,
      "name": "瑞穗乡"
    },
    {
      "p_code": 710000,
      "p_name": "台湾省",
      "c_code": 711800,
      "c_name": "花莲县",
      "code": 711810,
      "name": "富里乡"
    },
    {
      "p_code": 710000,
      "p_name": "台湾省",
      "c_code": 711800,
      "c_name": "花莲县",
      "code": 711811,
      "name": "秀林乡"
    },
    {
      "p_code": 710000,
      "p_name": "台湾省",
      "c_code": 711800,
      "c_name": "花莲县",
      "code": 711812,
      "name": "万荣乡"
    },
    {
      "p_code": 710000,
      "p_name": "台湾省",
      "c_code": 711800,
      "c_name": "花莲县",
      "code": 711813,
      "name": "卓溪乡"
    },
    {
      "p_code": 710000,
      "p_name": "台湾省",
      "c_code": 711900,
      "c_name": "宜兰县",
      "code": 711901,
      "name": "宜兰市"
    },
    {
      "p_code": 710000,
      "p_name": "台湾省",
      "c_code": 711900,
      "c_name": "宜兰县",
      "code": 711902,
      "name": "罗东镇"
    },
    {
      "p_code": 710000,
      "p_name": "台湾省",
      "c_code": 711900,
      "c_name": "宜兰县",
      "code": 711903,
      "name": "苏澳镇"
    },
    {
      "p_code": 710000,
      "p_name": "台湾省",
      "c_code": 711900,
      "c_name": "宜兰县",
      "code": 711904,
      "name": "头城镇"
    },
    {
      "p_code": 710000,
      "p_name": "台湾省",
      "c_code": 711900,
      "c_name": "宜兰县",
      "code": 711905,
      "name": "礁溪乡"
    },
    {
      "p_code": 710000,
      "p_name": "台湾省",
      "c_code": 711900,
      "c_name": "宜兰县",
      "code": 711906,
      "name": "壮围乡"
    },
    {
      "p_code": 710000,
      "p_name": "台湾省",
      "c_code": 711900,
      "c_name": "宜兰县",
      "code": 711907,
      "name": "员山乡"
    },
    {
      "p_code": 710000,
      "p_name": "台湾省",
      "c_code": 711900,
      "c_name": "宜兰县",
      "code": 711908,
      "name": "冬山乡"
    },
    {
      "p_code": 710000,
      "p_name": "台湾省",
      "c_code": 711900,
      "c_name": "宜兰县",
      "code": 711909,
      "name": "五结乡"
    },
    {
      "p_code": 710000,
      "p_name": "台湾省",
      "c_code": 711900,
      "c_name": "宜兰县",
      "code": 711910,
      "name": "三星乡"
    },
    {
      "p_code": 710000,
      "p_name": "台湾省",
      "c_code": 711900,
      "c_name": "宜兰县",
      "code": 711911,
      "name": "大同乡"
    },
    {
      "p_code": 710000,
      "p_name": "台湾省",
      "c_code": 711900,
      "c_name": "宜兰县",
      "code": 711912,
      "name": "南澳乡"
    },

    {
      "p_code": 710000,
      "p_name": "台湾省",
      "c_code": 712000,
      "c_name": "澎湖县",
      "code": 712001,
      "name": "马公市"
    },
    {
      "p_code": 710000,
      "p_name": "台湾省",
      "c_code": 712000,
      "c_name": "澎湖县",
      "code": 712002,
      "name": "湖西乡"
    },
    {
      "p_code": 710000,
      "p_name": "台湾省",
      "c_code": 712000,
      "c_name": "澎湖县",
      "code": 712003,
      "name": "白沙乡"
    },
    {
      "p_code": 710000,
      "p_name": "台湾省",
      "c_code": 712000,
      "c_name": "澎湖县",
      "code": 712004,
      "name": "西屿乡"
    },
    {
      "p_code": 710000,
      "p_name": "台湾省",
      "c_code": 712000,
      "c_name": "澎湖县",
      "code": 712005,
      "name": "望安乡"
    },
    {
      "p_code": 710000,
      "p_name": "台湾省",
      "c_code": 712000,
      "c_name": "澎湖县",
      "code": 712006,
      "name": "七美乡"
    },

    {
      "p_code": 710000,
      "p_name": "台湾省",
      "c_code": 712100,
      "c_name": "金门县",
      "code": 712101,
      "name": "金城镇"
    },
    {
      "p_code": 710000,
      "p_name": "台湾省",
      "c_code": 712100,
      "c_name": "金门县",
      "code": 712102,
      "name": "金湖镇"
    },
    {
      "p_code": 710000,
      "p_name": "台湾省",
      "c_code": 712100,
      "c_name": "金门县",
      "code": 712103,
      "name": "金沙镇"
    },
    {
      "p_code": 710000,
      "p_name": "台湾省",
      "c_code": 712100,
      "c_name": "金门县",
      "code": 712104,
      "name": "金宁乡"
    },
    {
      "p_code": 710000,
      "p_name": "台湾省",
      "c_code": 712100,
      "c_name": "金门县",
      "code": 712105,
      "name": "烈屿乡"
    },
    {
      "p_code": 710000,
      "p_name": "台湾省",
      "c_code": 712100,
      "c_name": "金门县",
      "code": 712106,
      "name": "乌坵乡"
    },
    {
      "p_code": 710000,
      "p_name": "台湾省",
      "c_code": 712200,
      "c_name": "连江县",
      "code": 712201,
      "name": "南竿乡"
    },
    {
      "p_code": 710000,
      "p_name": "台湾省",
      "c_code": 712200,
      "c_name": "连江县",
      "code": 712202,
      "name": "北竿乡"
    },
    {
      "p_code": 710000,
      "p_name": "台湾省",
      "c_code": 712200,
      "c_name": "连江县",
      "code": 712203,
      "name": "莒光乡"
    },
    {
      "p_code": 710000,
      "p_name": "台湾省",
      "c_code": 712200,
      "c_name": "连江县",
      "code": 712204,
      "name": "东引乡"
    }
  ]
}
